model,dataset,accuracy,precision,recall,f1
bert,imdb,0.8892,0.8894395208829239,0.8892,0.8891829607720483
